artist,track
311,Amber
A Perfect Circle,Blue
A Perfect Circle,Gravity
A Perfect Circle,Judith
A Perfect Circle,Orestes
A Perfect Circle,The Noose
A Perfect Circle,3 Libras
a-ha,Take on Me
ABBA,Fernando
ABBA,One Of Us
ABBA,The Winner Takes It All
Aaron Copland,Fanfare for the Common Man
Adrián Berenguer,Moonlight
Aerosmith,Dream On
Al Stewart,Year of the Cat
The Alan Parsons Project,Old and Wise
The Alan Parsons Project,Silence and I
The Alan Parsons Project,Time
Alice In Chains,Nutshell
Alice In Chains,Rain When I Die (2022 Remaster)
Alicia Keys,If I Ain't Got You
Alison Krauss & Union Station,New Favorite
Alison Krauss & Union Station,The Lucky One
Alphaville,Forever Young
Alter Bridge,Blackbird
Amen Dunes,Song to the Siren
America,A Horse with No Name
America,Sister Golden Hair
America,Ventura Highway
Amy Winehouse,Love Is A Losing Game
Amy Winehouse,Wake Up Alone
Anderson .Paak,Heart Don't Stand a Chance
Andrew Bird,Beyond the Valley of the Three White Horses
Andrew Bird,Three White Horses
Andrew Lloyd Webber,Pie Jesu
Andy Williams,"Moon River (From ""Breakfast at Tiffany's"")"
Anne Murray,Danny's Song
Anne Murray,You Needed Me
Annie Lennox,Into the West
Antônio Carlos Jobim,The Girl From Ipanema
Aphex Twin,Acrid Avid Jam Shred
Aphex Twin,Alberto Balsalm
Aphex Twin,Avril 14th
Aphex Twin,Fingerbib
Aphex Twin,QKThr
Aphex Twin,Donkey Rhubarb
Aphex Twin,Xtal
Archspire,Reverie on the Onyx
Art Garfunkel,All I Know
Arvo Pärt,Spiegel im Spiegel - Version for Violin and Piano
Astrud Gilberto,Photograph
Babyface,Every Time I Close My Eyes (with Kenny G)
Johann Sebastian Bach,"Orchestral Suite No. 3 in D Major, BWV 1068: II. Air ""Air on the G string"""
Band of Horses,The Funeral
Barbara,Ma plus belle histoire d'amour
Barry Manilow,Could It Be Magic
Basil Poledouris,Conan the Barbarian (arr. P. Pelster for organ): Theology / Civilization
Beach House,10 Mile Stereo
Beach House,Myth
Beach House,PPP
Beach House,Space Song
The Beatles,In My Life - Remastered 2009
Bee Gees,How Deep Is Your Love
Ben E. King,Stand by Me
Berlin,"Take My Breath Away - Love Theme from ""Top Gun"""
Bette Midler,The Rose
Beyoncé,PLASTIC OFF THE SOFA
Bibio,lovers’ carvings
Big Star,Thirteen
Big Thief,Mary
Bill Withers,Lovely Day
Billie Eilish,ocean eyes
Billy Joel,And So It Goes
Billy Joel,She's Always a Woman
Billy Joel,Vienna
Birdy,Skinny Love
Björk,Hyperballad
Björk,Unison
Black Pumas,Colors
Blind Melon,No Rain
Blue Rodeo,Try - 2012 Remaster
Blur,Tender
bôa,Duvet
Bob Dylan,Girl from the North Country
Bon Iver,33 “GOD”
Bon Iver,8 (circle)
Bon Iver,"Hey, Ma"
Bon Iver,Holocene
Bon Iver,Michicant
Bon Iver,"Minnesota, WI"
Bon Iver,Perth
Bonnie Raitt,I Can't Make You Love Me
Boston,Feelin' Satisfied
Lil Bowser,I Stole Peaches From Mario!
Box Car Racer,There Is
Boz Scaggs,Harbor Lights
Bread,Aubrey
Bread,Everything I Own
Bread,If
Brian Eno,Deep Blue Day - Remastered 2005
Bright Eyes,Something Vague
Buddy Holly,"(Ummmm, Oh Yeah) Dearest"
CHVRCHES,The Mother We Share
Carpenters,(They Long To Be) Close To You
Yusuf / Cat Stevens,Morning Has Broken - Remastered 2021
Yusuf / Cat Stevens,The Wind - Remastered 2021
Yusuf / Cat Stevens,Trouble
Céline Dion,The Prayer
Frédéric Chopin,"Ballade No. 3 in A Flat Major, Op. 47"
Frédéric Chopin,"Nocturne No. 2 in E-Flat Major, Op. 9 No. 2"
Chris Cornell,Nothing Compares 2 U - Live At SiriusXM/2015
Chris Isaak,Wicked Game
Chris Stapleton,Tennessee Whiskey
Christophe,Aline
Chuck Berry,Johnny B. Goode
Au Claire De La Lune,Au Claire De La Lune
Claude Debussy,"2 Arabesques, L. 66: No. 1 in E Major"
Claude Debussy,"Suite bergamasque, L. 75: III. Clair de lune"
Claude Debussy,"Préludes / Book 1, L. 117: 8. La fille aux cheveux de lin"
Climax Blues Band,I Love You
Coldplay,A Sky Full of Stars
Coldplay,Clocks
Coldplay,Fix You
Coldplay,Paradise
Coldplay,Sparks
Coldplay,The Scientist
Colin Hay,Beautiful World
"Crosby, Stills & Nash",Helplessly Hoping - 2005 Remaster
"Crosby, Stills, Nash & Young",Helplessly Hoping
"Crosby, Stills, Nash & Young",Our House
Crowded House,Don’t Dream It’s Over - Home Demo
Cyndi Lauper,Time After Time
Daft Punk,Touch (feat. Paul Williams)
Damien Rice,The Blower's Daughter
Damien Rice,Cannonball
Damien Rice,Delicate
Dan Romer,End of the World
Daniel Bedingfield,If You're Not The One
Daniel Caesar,Best Part (feat. H.E.R.)
Daniela Andrade,La Vie En Rose
Dave Matthews Band,Crash into Me
David Gilmour,Time - Live In Gdansk
Death Cab for Cutie,Brothers on a Hotel Bed
Death Cab for Cutie,Grapevine Fires
Death Cab for Cutie,I Will Follow You into the Dark
Death Cab for Cutie,Soul Meets Body
Death Cab for Cutie,Transatlanticism
Death Cab for Cutie,What Sarah Said
Deftones,Beauty School
Denez Prigent,"Gortoz A Ran - From ""Black Hawk Down"""
Dido,It Comes and It Goes
Dire Straits,Brothers In Arms
Dire Straits,Romeo and Juliet
Disturbed,The Sound of Silence
Dolly Parton,Jolene
Dolly Parton,Love Is Like a Butterfly
Don McLean,Vincent
Don McLean,"Vincent (Starry, Starry Night)"
Donna Lewis,I Love You Always Forever
Doris Day,Dream a Little Dream of Me (with Paul Weston & His Music From Hollywood)
Antonín Dvořák,"Dvorák / Transc. Lenaerts: Rusalka, Op. 114, Act 1: Song to the Moon"
Eagles,Desperado - 2013 Remaster
Eagles,Hotel California - 2013 Remaster
Édith Piaf,La Vie en rose
Edvard Grieg,"Peer Gynt Suite No. 1, Op. 46: I. Morning Mood"
Ella Fitzgerald,Summertime
Elliott Smith,Angeles
Elton John,Captain Fantastic And The Brown Dirt Cowboy
Elton John,Goodbye Yellow Brick Road - Remastered 2014
Elton John,Mona Lisas And Mad Hatters
Elton John,Bennie And The Jets
Elton John,Tiny Dancer
Elton John,Your Song
Elvis Presley,Can’t Help Falling in Love - Acoustic Cover
Elvis Presley,"Unchained Melody - Live at Ann Arbor, MI"
Elvis Presley,Young and Beautiful
"Emerson, Lake & Palmer",Lucky Man - 2012 Remaster
Ennio Morricone,Un amico - Titoli
Enya,Afer Ventus
Enya,Boadicea
Enya,Book of Days
Enya,Caribbean Blue
Enya,Dreams Are More Precious
Enya,Flora's Secret
Enya,Lothlórien
Enya,May It Be
Enya,No Holly for Miss Quinn
Enya,Only Time
Enya,Orinoco Flow
Enya,Shepherd Moons
Enya,Smaointe
Enya,Storms in Africa
Eric Clapton,Tears in Heaven - Acoustic Live
Eric Clapton,Wonderful Tonight
Erik Satie,Gnossienne No. 1
Erik Satie,3 Gymnopédies: No. 1 Lent et douloureux
Erykah Badu,Green Eyes
Etta James,At Last
Eva Cassidy,Fields Of Gold
Eva Cassidy,Songbird
Eva Cassidy,Over the Rainbow
Eva Cassidy,Time After Time
Evan Rachel Wood,If I Fell
Evanescence,Even In Death - 2016 Version
Evanescence,Good Enough
Evanescence,Lacrymosa
Evanescence,My Immortal
Explosions In The Sky,Your Hand In Mine
Extreme,More Than Words
FKA twigs,Pendulum
Family of the Year,Hero
Fiona Apple,I Know
First Aid Kit,My Silver Lining
Fleet Foxes,Blue Ridge Mountains
Fleet Foxes,Blue Spotted Tail
Fleet Foxes,Helplessness Blues
Fleet Foxes,Icicle Tusk
Fleet Foxes,Mykonos
Fleet Foxes,Ragged Wood
Fleet Foxes,Sunblind
Fleet Foxes,Tiger Mountain Peasant Song
Fleet Foxes,Wading In Waist-High Water
Fleet Foxes,White Winter Hymnal
Fleetwood Mac,Albatross - 2018 Master
Fleetwood Mac,Everywhere - 2017 Remaster
Fleetwood Mac,Landslide
Fleetwood Mac,Silver Springs - 2004 Remaster
Fleetwood Mac,Songbird - 2004 Remaster
Fleetwood Mac,"The Chain - Live at Warner Brothers Studios in Burbank, CA 5/23/97"
Fleetwood Mac,You Make Loving Fun - 2004 Remaster
Flight Facilities,Clair De Lune
Florence + The Machine,Stand By Me
Florence + The Machine,Breath Of Life
Foo Fighters,Everlong
Foo Fighters,Everlong - Acoustic Version
Frank Mills,Music Box Dancer
Frank Ocean,Ivy
Frank Ocean,Pink + White
Frank Ocean,White Ferrari
Frank Sinatra,Fly Me To The Moon (In Other Words)
Frank Zappa,Watermelon In Easter Hay
Franz Schubert,"Ave Maria, D. 839"
Fred Astaire,Cheek to Cheek
Frédéric Chopin,"Chopin: Nocturne No. 20 in C-Sharp Minor, Op. Posth."
Frente!,Bizarre Love Triangle - 2014 Remaster
Peter Gabriel,In Your Eyes - 2012 Remaster
Gang Starr,Moment Of Truth
Gary Jules,Mad World
George Harrison,While My Guitar Gently Weeps - Live At Madison Square Garden; 2009 Remaster
George Michael,Careless Whisper
Giacomo Puccini,"Turandot, SC 91, Act III: Nessun dorma!"
Giacomo Puccini,"Puccini: Madama Butterfly, Act 2: ""Un bel dì vedremo"" (Butterfly)"
Glee Cast,Blackbird
Glen Hansard,When Your Mind's Made Up
Glen Hansard,Falling Slowly
The Goo Goo Dolls,Black Balloon
The Goo Goo Dolls,Iris
Gordon Lightfoot,Beautiful
Gordon Lightfoot,Circle of Steel
Gordon Lightfoot,Don Quixote
Gordon Lightfoot,Early Morning Rain
Gordon Lightfoot,If You Could Read My Mind
Gordon Lightfoot,Old Dan's Records
Gordon Lightfoot,The Wreck of the Edmund Fitzgerald
Gorillaz,On Melancholy Hill
Gorillaz,To Binge (feat. Little Dragon)
Grateful Dead,Mountains of the Moon - 2013 Remaster
Grateful Dead,Ripple - 2013 Remaster
Grateful Dead,Standing on the Moon - 2013 remaster
Grateful Dead,"They Love Each Other - Live at Barton Hall, Cornell University, Ithaca, NY 5/8/77"
Gregory Alan Isakov,The Stable Song
Grimes,Symphonia IX (My Wait Is U)
Guillemots,Little Bear
Gustav Holst,"The Planets, Op. 32: 4. Jupiter, the Bringer of Jollity"
Gustavo Santaolalla,The Last of Us
Hans Zimmer,Chevaliers De Sangreal - From The Da Vinci Code Original Motion Picture Soundtrack
Hans Zimmer,Injection
Hans Zimmer,"Tennessee (from ""Pearl Harbor"")"
Hans Zimmer,"This Land - From ""The Lion King""/Score"
Hans Zimmer,Time
Harry Chapin,Taxi
Harry Styles,Sign of the Times
Heart,Dreamboat Annie
Heart,These Dreams
Henry Mancini,Moon River(Vocal Audrey Hepburn)
Herb Alpert & The Tijuana Brass,Ladyfingers
The Honeydrippers,Sea of Love - 2006 Remaster
Howard Hanson,"Symphony No. 2, Op. 30, ""Romantic"": I. Adagio - Allegro moderato"
Howie Day,Collide
Hozier,Cherry Wine - Live
Hozier,In the Woods Somewhere
Hozier,Like Real People Do
Hozier,Run
Hozier,Shrike
Hozier,Swan Upon Leda
Hozier,Work Song
Hudson Mohawke,Cbat
Huey Lewis & The News,The Power Of Love
INXS,Beautiful Girl
INXS,Never Tear Us Apart
INXS,Not Enough Time
Ichiko Aoba,Pilgrimage
Imogen Heap,Goodnight and Go
Imogen Heap,Hide and Seek
Incubus,Aqueous Transmission
Indigo Girls,Closer to Fine
Indigo Girls,Ghost
Iron & Wine,Naked as We Came
Iron & Wine,Such Great Heights
Iron & Wine,The Trapeze Swinger
Iron & Wine,Boy With a Coin
Iron & Wine,"Flightless Bird, American Mouth"
Israel Kamakawiwo'ole,Somewhere Over The Rainbow_What A Wonderful World
Israel Kamakawiwo'ole,Over the Rainbow
JVKE,golden hour
Jaakko Aukusti,What If All Else Fails?
Jackie DeShannon,What The World Needs Now Is Love
Jackson Browne,Running on Empty
James Taylor,You’ve Got a Friend
Jeff Buckley,Hallelujah
Jeff Buckley,"Lover, You Should've Come Over"
Jeff Buckley,"If You Knew - Live at Sin-é, New York, NY - July/August 1993"
Jeremy Soule,Kyne's Peace
Jerry Garcia Band,Reuben and Cherise
Jim Croce,Age
Jim Croce,Alabama Rain
Jim Croce,Dreamin' Again
Jim Croce,I'll Have To Say I Love You In A Song
Jim Croce,Lover's Cross
Jim Croce,"Next Time, This Time - Live at Harper College 2/5/73"
Jim Croce,Operator (That's Not the Way It Feels)
Jim Croce,Photographs & Memories
Jim Croce,The Hard Way Every Time
Jim Croce,These Dreams
Jim Croce,Time in a Bottle
Jimi Hendrix,All Along the Watchtower
Jimi Hendrix,Angel
Jimi Hendrix,Are You Experienced?
Jimi Hendrix,Bold as Love
Jimi Hendrix,Burning of the Midnight Lamp
Jimi Hendrix,Castles Made of Sand
Jimi Hendrix,Crash Landing
Jimi Hendrix,Crosstown Traffic
Jimi Hendrix,Have You Ever Been (To Electric Ladyland)
Jimi Hendrix,Gypsy Eyes
Jimi Hendrix,Hey Joe
Jimi Hendrix,If 6 Was 9
Jimi Hendrix,Little Wing
Jimi Hendrix,"Hear My Train a Comin' - Live at Berkeley Community Theatre, Berkeley, CA"
Jimi Hendrix,"Machine Gun - Live at the Fillmore East, NY - 12/31/69 - 1st Set"
Jimi Hendrix,Like A Rolling Stone - Live At Monterey
Jimi Hendrix,"Like a Rolling Stone (Live at the Winterland, San Francisco, CA, October 10, 1968)"
Jimi Hendrix,"Star Spangled Banner - Live at The Woodstock Music & Art Fair, August 18, 1969"
Jimi Hendrix,Star Spangled Banner - Live
Jimi Hendrix,"Fire (Live at Clark University, Worcester, MA, March 15, 1968)"
Jimi Hendrix,"All Along the Watchtower - Live at the Isle of Wight, UK"
Jimi Hendrix,"Foxey Lady - Live at the Los Angeles Forum, Inglewood, CA - April 26, 1969"
Jimi Hendrix,"Killing Floor (Live at the Olympia Theater, Paris, France October 18, 1966)"
Jimi Hendrix,"Little Wing (Live at the Royal Albert Hall, London, UK, February 24, 1969)"
Jimi Hendrix,"Purple Haze (Live at the San Diego Sports Arena, CA, May 25, 1969)"
Jimi Hendrix,Manic Depression
Jimi Hendrix,Midnight Lightning - previously unreleased recording
Jimi Hendrix,Purple Haze
Jimi Hendrix,Red House
Jimi Hendrix,Spanish Castle Magic
Jimi Hendrix,Stone Free
Jimi Hendrix,In From the Storm
Jimi Hendrix,The Wind Cries Mary
Jimi Hendrix,Third Stone From The Sun
Jimi Hendrix,Valleys of Neptune
Jimi Hendrix,Voodoo Child (Slight Return)
Joaquín Rodrigo,Aranjuez Concerto BWV 1056
Joe Cocker,You Are So Beautiful
Joe Cocker,"Up Where We Belong - From ""An Officer And A Gentleman"""
Johann Pachelbel,Pachelbel: Canon and Gigue for Three Violins and Continuo in D Major: Canon
Johann Sebastian Bach,"Cello Suite No. 1 in G Major, BWV 1007: I. Prélude"
Johann Sebastian Bach,"Jesu Joy of Man's Desiring, BWV 147 (Arr. Hess)"
Johann Sebastian Bach,"Toccata and Fugue in D Minor, BWV 565: I. Toccata"
John Craigie,I Am California
John Denver,Annie's Song
John Denver,Aspenglow
John Denver,"Take Me Home, Country Roads - Original Version"
John Denver,Rocky Mountain High
John Denver,Thank God I'm a Country Boy
John Denver,This Old Guitar
John Fogerty,Joy Of My Life
John Legend,All of Me
John Lennon,Beautiful Boy (Darling Boy) - Remastered 2010
John Prine,Christmas in Prison
John Prine,I Remember Everything
John Prine,In Spite of Ourselves (feat. Iris DeMent)
John Waite,Missing You
Johnny Cash,Hurt
Johnny Cash,The Mercy Seat
Johnny Mathis,Chances Are (with Ray Conniff & His Orchestra)
Johnny Tillotson,Dreamy Eyes
Jon Bellion,Hand Of God - Outro
Jon Hopkins,Immunity
Joni Mitchell Tribute by Strings Attached,A Case of You
Joni Mitchell Tribute by Strings Attached,Blue Hotel Room
Joni Mitchell,Both Sides Now
Joni Mitchell,The Circle Game
Joni Mitchell,River
Joni Mitchell,"Mitchell: Urge for Going (Instrumental Arrangement of the B-Side Track of the Joni Mitchell Single ""You Turn Me on I'm a Radio"")"
José González,Teardrop
Josh Groban,"Empty Chairs at Empty Tables (from ""Les Misérables"")"
Journey,Faithfully
Journey,Open Arms
Joy Division,Shadowplay - 2007 Remaster
Judy Collins,First Boy I Loved
Judy Collins,Song for Judith (Open the Door)
Judy Collins,"So Early, Early in the Spring"
Julie London,Fly Me To The Moon (In Other Words)
Justin Hurwitz,Mia & Sebastian’s Theme
Jóhann Jóhannsson,Arrival
Jónsi,Simple Gifts
k.d. lang,Hallelujah
k.d. lang,Constant Craving
Kansas,Dust in the Wind
Kanye West,Runaway
Kate Bush,This Woman's Work - 2018 Remaster
Kate Bush,Wuthering Heights - 2018 Remaster
Katie Melua,Dreams on Fire
Keane,Somewhere Only We Know
Kurt Cobain,And I Love Her
Lady Gaga,La Vie En Rose
Lana Del Rey,West Coast
Lana Del Rey,Young And Beautiful
Lana Del Rey,Salvatore
Låpsley,Painter (Valentine)
Laura & Anton,La Vie en Rose
Ms. Lauryn Hill,Ex-Factor
Led Zeppelin,All My Love - Remaster
Led Zeppelin,The Rain Song - Remaster
Led Zeppelin,Ten Years Gone - Remaster
Led Zeppelin,Thank You - 1990 Remaster
Léo Delibes,"Delibes: Lakmé, Act 1: ""Dôme épais, le jasmin"" (Lakmé, Mallika)"
Leon Bridges,River
Leonard Cohen,Hallelujah
Lesley Garrett,"Schönberg, Claude-Michel: I Dreamed a Dream (from ""Les Misérables"")"
Lily Allen,Somewhere Only We Know
Linda Ronstadt,Blue Bayou
Linda Ronstadt,Long Long Time
Linkin Park,My December
Linkin Park,One More Light
Lisa Gerrard,Sanvean - I Am Your Shadow
Loggins & Messina,Danny's Song
Loggins & Messina,House at Pooh Corner - Live
Lord Huron,The Ghost on the Shore
Lord Huron,I Lied (with Allison Ponthier)
Lord Huron,Lost in Time and Space
Lord Huron,Love Like Ghosts
Lord Huron,Meet Me in the Woods
Lord Huron,The Night We Met
Loreena McKennitt,Never-Ending Road (Amhrán Duit)
Louis Armstrong,What A Wonderful World
Ludovico Einaudi,Divenire
Ludovico Einaudi,"Film Music, Pt. 1: III. Fly"
Ludovico Einaudi,Nuvole Bianche
Ludwig van Beethoven,"Beethoven: 'Ode To Joy' From Symphony No. 9 In D Minor 'Choral', Op. 125"
Ludwig van Beethoven,"11 Bagatelles, Op. 119: 1. Allegretto"
Léo Delibes,"The Flower Duet (From ""Lakmé"")"
Mac Miller,2009
Mad Season,River of Deceit
Mariah Carey,Without You
Marty Robbins,Ribbon Of Darkness
Massive Attack,Black Milk
Massive Attack,Exchange
Massive Attack,Group Four
Massive Attack,Teardrop
Massive Attack,Unfinished Sympathy - 2012 Mix/Master
Matisyahu,One Day
Maurice Duruflé,Maurice Duruflé: Ubi caritas
Max Elto,Citylights - Radio Edit
Max Richter,On the Nature of Daylight
Max Richter,Vladimir's Blues
Max Richter,"Recomposed By Max Richter: Vivaldi, The Four Seasons: Spring 1 - 2012"
Mayer Hawthorne,All Better
Mazzy Star,Fade Into You
Mazzy Star,Into Dust
Mazzy Star,Look On Down From The Bridge
Meat Loaf,For Crying Out Loud
Message To Bears,You Are a Memory
Metallica,Nothing Else Matters (Remastered)
Michael Jackson,Human Nature
Michael Jackson,Man in the Mirror - 2012 Remaster
Ministry,Jesus Built My Hotrod
Minnie Riperton,Les Fleurs
Moby,Porcelain
Molly Burch,Please Be Mine
The Moody Blues,Nights In White Satin - Single Version / Mono
Morrissey,Everyday Is Like Sunday - 2011 Remaster
múm,Green Green Grass Of Tunnel
My Chemical Romance,Cancer
Nina Chuba,Who Hurt You
Nasko,See You Again
Nat King Cole,Smile
Nat King Cole,Stardust
Nick Cave & The Bad Seeds,Into My Arms - 2011 Remastered Version
Nils Frahm,Familiar
Nine Inch Nails,A Warm Place
Nine Inch Nails,Hurt
Nine Inch Nails,Just Like You Imagined
Nobuo Uematsu,To Zanarkand (Final Fantasy X)
ONR,Must Stop (Falling in Love) [feat. Sarah Barthel of Phantogram]
Oceanlab,Satellite - Radio Edit
Oliver Tank,Last Night I Heard Everything in Slow Motion
Olivia Millerschin,Carry Me
Orbital,Halcyon and On and On
Otis Redding,(Sittin' On) the Dock of the Bay
Otis Redding,Direct Me
Patrick Watson,Je te laisserai des mots
Patsy Cline,Crazy - Single Version
Patsy Cline,She's Got You - Single Version
Patsy Cline,Walking After Midnight
Paul Mauriat,Love Is Blue
Paul McCartney,I’ll Follow The Sun - Live At Amoeba 2007
Paul Simon,Bridge Over Troubled Water
Pearl Jam,Black
Pearl Jam,Just Breathe
Penguin Cafe Orchestra,The Sound Of Someone You Love Who's Going Away And It Doesn't Matter - 2008 Digital Remaster
Peter Gabriel,The Book Of Love
Peter Gabriel,Mercy Street - 2012 Remaster
Peter Gabriel,A Wonderful Day In A One-Way World
Peter Gabriel,Shock The Monkey
Peter Gabriel,Solsbury Hill
Phoebe Bridgers,Funeral
Phoebe Bridgers,Moon Song
Pink Floyd,Fearless
Pink Floyd,The Great Gig in the Sky
Pink Floyd,High Hopes
Pink Floyd,Wish You Were Here
Plants and Animals,Bye Bye Bye
Porcupine Tree,Lazarus
Portishead,Glory Box
Portishead,The Rip
Princess Chelsea,I Love My Boyfriend
Prince,Nothing Compares 2 U
Prince,Purple Rain
Giacomo Puccini,"Tosca, S. 69, Act II: Vissi d'arte"
Purity Ring,fineshrine
Queen,Good Old-Fashioned Lover Boy - Remastered 2011
Queen,Las Palabras De Amor (The Words Of Love) - Remastered 2011
Queen,Love Of My Life - Remastered 2011
Queen,Somebody To Love - Remastered 2011
Queen,The Show Must Go On
Queen,Who Wants To Live Forever - Remastered 2011
Queensrÿche,Silent Lucidity - Remastered 2003
Radical Face,Always Gold
Radiohead,Daydreaming
Radiohead,Decks Dark
Radiohead,Exit Music (For A Film)
Radiohead,Fake Plastic Trees
Radiohead,How to Disappear Completely
Radiohead,Jigsaw Falling Into Place
Radiohead,Karma Police
Radiohead,Let Down
Radiohead,Motion Picture Soundtrack
Radiohead,Nude
Radiohead,Pyramid Song
Radiohead,Reckoner
Radiohead,Street Spirit (Fade Out)
Radiohead,The Tourist
Rainbow,Catch The Rainbow
Ralph Vaughan Williams,The Lark Ascending
Ramin Djawadi,Light of the Seven
Ray LaMontagne,Hold You in My Arms
Ray LaMontagne,Jolene
Ray LaMontagne,Trouble
Ray Manzarek,Riders on the Storm
Ray Peterson,Tell Laura I Love Her
Red Hot Chili Peppers,Porcelain
Red Hot Chili Peppers,Wet Sand
Regina Spektor,Fidelity
Roberta Flack,The First Time Ever I Saw Your Face
Roberta Flack,Killing Me Softly With His Song
Rod Stewart,Maggie May
Ron Sexsmith,Gold In Them Hills
Rose Betts,Song to the Siren
Roy Orbison,Crying
Roy Orbison,In Dreams
Rufus Wainwright,Hallelujah
RÜFÜS DU SOL,Innerbloom
Sade,Pearls
Sam Brown,Stop
Sammy Davis Jr.,Till Then
Samuel Barber,Barber: Adagio for Strings
Sarah McLachlan,Angel
Sarah Vaughan,Misty
Savage Garden,Truly Madly Deeply
Seal,Kiss from a Rose
Selena,Dreaming Of You
Selena Gomez & The Scene,Winter Wonderland
Shawn Colvin,I Don't Know Why
Sia,Breathe Me
Sigur Rós,Ára bátur
Sigur Rós,Flugufrelsarinn
Sigur Rós,Glósóli
Sigur Rós,Hoppípolla
Sigur Rós,Sæglópur
Sigur Rós,Svefn-g-englar
Sigur Rós,Untitled #1 - Vaka
Sigur Rós,Ekki múkk
Sigur Rós,Untitled #4 - Njósnavélin
Sigur Rós,Olsen olsen
Sigur Rós,Untitled #3 - Samskeyti
Silversun Pickups,Lazy Eye
Simon & Garfunkel,Song for the Asking
Simon & Garfunkel,Bridge Over Troubled Water
Simon & Garfunkel,El Condor Pasa (If I Could)
Simon & Garfunkel,"For Emily, Whenever I May Find Her"
Simon & Garfunkel,Homeward Bound
Simon & Garfunkel,The Only Living Boy in New York
Simon & Garfunkel,Scarborough Fair / Canticle
Simon & Garfunkel,The Boxer
Simon & Garfunkel,The Dangling Conversation
Simon & Garfunkel,The Sound of Silence - Acoustic Version
Simon & Garfunkel,"Wednesday Morning, 3 A.M."
Simon & Garfunkel,America
Simon & Garfunkel,April Come She Will
Simon & Garfunkel,Kathy's Song
Simon & Garfunkel,The Sounds of Silence
Simon & Garfunkel,The 59th Street Bridge Song (Feelin' Groovy)
Sinéad O'Connor,Nothing Compares 2 U
Sinéad O'Connor,Troy
Sixpence None The Richer,Kiss Me
Sleeping At Last,Saturn
Slowdive,When the Sun Hits
The Smashing Pumpkins,1979 - Remastered 2012
Snail's House,frostbite
Snow Patrol,Chasing Cars
Sophie B. Hawkins,As I Lay Me Down
Soundgarden,Black Hole Sun
Sounds Of Life,A Spice Of Jazz
Spiritualized,Ladies and gentlemen we are floating in space
St. Vincent,Strange Mercy
Steven Universe,Here Comes a Thought (feat. Estelle & AJ Michalka)
Stevie Ray Vaughan,Lenny
Stevie Ray Vaughan,Little Wing
Stevie Wonder,All In Love Is Fair
Stevie Wonder,Isn’t She Lovely
Sting,Fields Of Gold
Sting,Shape Of My Heart
Straylight Run,Existentialism On Prom Night
Sufjan Stevens,Casimir Pulaski Day
Sufjan Stevens,Mystery of Love (From the Original Motion Picture “Call Me by Your Name”)
Sufjan Stevens,Visions of Gideon
Taylor Swift,All Too Well (10 Minute Version) (Taylor's Version) (From The Vault)
Taylor Swift,august
Taylor Swift,cardigan
Taylor Swift,Delicate
Taylor Swift,epiphany
Taylor Swift,Fearless (Taylor’s Version)
Taylor Swift,invisible string
Taylor Swift,Labyrinth
Taylor Swift,the lakes - bonus track
Taylor Swift,willow
Taylor Swift,ivy
Taylor Swift,my tears ricochet
Pyotr Ilyich Tchaikovsky,"Tchaikovsky: The Nutcracker, Op. 71, Act II: No. 13, Waltz of the Flowers"
The Album Leaf,Window
The Appleseed Cast,A Dream For Us
The Avett Brothers,No Hard Feelings
The Band,Atlantic City
The Band,When I Paint My Masterpiece - Remastered
The Beach Boys,Disney Girls (1957) - Remastered 2009
The Beach Boys,God Only Knows - Mono
The Beach Boys,In My Room - Remastered
The Beach Boys,Sloop John B
The Beach Boys,Surf's Up - Remastered 2009
The Beach Boys,Wouldn’t It Be Nice
The Beatles,Across The Universe - Remastered 2009
The Beatles,And I Love Her - Remastered 2009
The Beatles,Blackbird - Remastered 2009
The Beatles,Dear Prudence - Remastered 2009
The Beatles,Golden Slumbers - Remastered 2009
The Beatles,Golden Slumbers / Carry That Weight - Takes 1-3 / Medley
The Beatles,"The Long One - Comprising of ‘You Never Give Me Your Money’, ’Sun King’/’Mean Mr Mustard’, ‘Her Majesty’, ‘Polythene Pam’/’She Came In Through The Bathroom Window’, ’Golden Slumbers’/ ’Carry That Weight’, ’The End’"
The Beatles,Here Comes The Sun - Remastered 2009
The Beatles,"Here, There And Everywhere - Remastered 2009"
The London Orchestral Symphony,I Wanna Hold Your Hand (Originally Performed by the Beatles) [Orchestral Version]
The Beatles,Julia - Remastered 2009
The Beatles,Let It Be - Remastered 2009
The Beatles,Don't Let Me Down - Naked Version / Remastered 2013
The Beatles,She's Leaving Home - Remastered 2009
The Beatles,Something - Remastered 2009
The Beatles,The Long And Winding Road - Remastered 2009
The Beatles,Yesterday - Remastered 2009
The Black Crowes,She Talks To Angels
The Cardigans,Lovefool
The Chordettes,They Say It's Wonderful
The Cinematic Orchestra,That Home
The Cinematic Orchestra,To Build A Home
The Cranberries,Dreams
The Cranberries,Linger
The Cranberries,Ode To My Family
The Cure,A Night like This - 2006 Remaster
The Cure,Close to Me - 2006 Remaster
The Cure,From the Edge of the Deep Green Sea
The Cure,In Between Days - 2006 Remaster
The Cure,Just like Heaven
The Cure,A Letter to Elise
The Cure,Lovesong - 2010 Remaster
The Cure,Lullaby - 2010 Remaster
The Cure,Pictures of You - 2010 Remaster
The Cure,Plainsong - 2010 Remaster
The Cure,The Same Deep Water as You - 2010 Remaster
The Cure,Underneath The Stars
The Cure,Untitled - 2010 Remaster
The Dream Academy,Life in a Northern Town
The Eagles,The Desperadoes
The Flaming Lips,Do You Realize??
The Flamingos,I Only Have Eyes for You
The Frames,Falling Slowly
The Fray,How to Save a Life
The Goo Goo Dolls,Name
The Hollies,"He Ain't Heavy, He's My Brother"
The Irrepressibles,In This Shirt
The Killers,"Ruby, Don't Take Your Love To Town"
The King's Singers,You are the new day
The La's,There She Goes
The Left Banke,Walk Away Renee
The Magnetic Fields,The Book of Love
The Mamas & The Papas,Dream A Little Dream Of Me
The Moldy Peaches,Anyone Else But You
The Monkees,Riu Chiu
The National,About Today - 2021 Remaster
The National,I Need My Girl
The Paper Kites,Bloom - Bonus Track
The Postal Service,Such Great Heights - Remastered
The Righteous Brothers,Unchained Melody
The Rolling Stones,She's A Rainbow
The Rolling Stones,Wild Horses - 2009 Mix
The Shins,New Slang - 2021 Remaster
The Smashing Pumpkins,Mellon Collie And The Infinite Sadness - Remastered 2012
The Smiths,"Please, Please, Please, Let Me Get What I Want - 2011 Remaster"
The Smiths,That Joke Isn't Funny Anymore
The Smiths,There Is a Light That Never Goes Out - 2011 Remaster
The Sundays,Here's Where The Story Ends
The Sundays,Wild Horses
The Swell Season,Falling Slowly - Live
The Velvet Underground,Pale Blue Eyes
The Verve,The Drugs Don't Work
The Zombies,This Will Be Our Year
Thievery Corporation,La Femme Parallel
This Mortal Coil,Song To The Siren - Remastered
Tom Odell,Another Love
TOOL,Lateralus
TOOL,Sober
Tori Amos,A Sorta Fairytale
Tori Amos,Little Earthquakes
Tori Amos,Pretty Good Year
Tori Amos,Putting the Damage On - 2016 Remaster
Tracy Chapman,Fast Car
Tracy Chapman,Stand by Me - Live at the Late Show with David Letterman
Traditional,Fantasia on Greensleeves
Trent Reznor,Hurt (Arr. for Guitar)
U2,MLK - Live
U2,One Tree Hill
U2,Where The Streets Have No Name - Remastered
Ultravox,Vienna
Ursine Vulpine,Wicked Game
Van Morrison,Astral Weeks - 1999 Remaster
Van Morrison,Into the Mystic - 2013 Remaster
Van Morrison,Madame George - 1999 Remaster
Van Morrison,Moondance - 2013 Remaster
Van Morrison,Slim Slow Slider - 1999 Remaster
Vince Gill,Go Rest High On That Mountain
Virtual Riot,Never Let Me Go
Antonio Vivaldi,"The Four Seasons - Winter in F Minor, RV. 297: I. Allegro non molto"
Víg Mihály,"Öreg - From ""Werckmeister Harmóniák"""
Weyes Blood,Do You Need My Love
When In Rome,The Promise
Whitney Houston,I Will Always Love You
Wolfgang Amadeus Mozart,"Requiem in D Minor, K. 626: III. Seq. 5, Confutatis"
Wolfgang Amadeus Mozart,"Requiem in D Minor, K. 626: III. Sequenz No. 6, Lacrimosa dies illa"
Yazoo,Only You
Yeah Yeah Yeahs,Maps
Yes,And You and I - 2003 Remaster
Yiruma,May Be
Yiruma,River Flows In You
Yiruma,"The Sunbeams,They Scatter"
Yo La Tengo,My Little Corner of the World
alt-J,Dissolve Me
beabadoobee,Glue Song
Léo Delibes,Flower Duet
Ólafur Arnalds,Happiness Does Not Wait
