artist,track,post_score
Claude Debussy,claire de lune,13974
The Beatles,yesterday,7901
eagles,hotel california,7682
erik satie,gymnopédies,7003
Simon & Garfunkel,scarborough fair,6156
neil young,harvest moon,5371
Israel Kamakawiwo'ole,over the rainbow,5076
The Cranberries,dreams,4371
mazzy star,fade into you,3982
The Beach Boys,god only knows,3896
The Beatles,in my life,3865
don mclean,"vincent (starry, starry night",3383
elton john,your song,3288
Édith Piaf,la vie en rose,3174
lord huron,the night we met,2885
The Righteous Brothers,unchained melody,2850
fleetwood mac,landslide,2814
The Cranberries,linger,2664
jim croce,time in a bottle,2559
joni mitchell,both sides now,2531
Sigur Rós,hoppipolla,2517
The Beatles,blackbird,2422
john denver,annie’s song,2272
death cab for cutie,i will follow you into the dark,2140
etta james,at last,2040
fleet foxes,white winter hymnal,2012
otis redding,sittin' on) the dock of the bay,1862
The Mamas & The Papas,dream a little dream of me,1851
aphex twin,avril 14th,1578
Simon & Garfunkel,april come she will,1569
massive attack,teardrop,1471
jim croce,i got a name,1435
ben e. king,stand by me,1392
samuel barber,adagio for strings,1223
gordon lightfoot,if you could read my mind,1190
The Cure,just like heaven,1122
leonard cohen,hallelujah,997
Israel Kamakawiwo'ole,somewhere over the rainbow/wonderful world,992
peter gabriel,in your eyes,986
jeff buckley,hallelujah,960
Claude Debussy,clair de lune,937
Ludovico Einaudi,nuvole bianche,834
"andrew lloyd webber, sarah brightman",pie jesu,832
hans zimmer,interstellar intro,783
cyndi lauper,time after time,782
jim croce,operator,776
hans zimmer,time,775
Simon & Garfunkel,"for emily, whenever i may find her",760
glen hansard and marketa irglova,falling slowly,758
billy joel,vienna,723
Wolfgang Amadeus Mozart,lacrimosa,694
jimi hendrix,little wing,690
louis armstrong,what a wonderful world,680
enya,caribbean blue,670
alice in chains,nutshell,660
Israel Kamakawiwo'ole,over the rainbow/what a wonderful world,653
enya,only time,651
dire straits,romeo and juliet,619
The Beatles,let it be,596
johann pachelbel,canon in d major,593
Simon & Garfunkel,the boxer,593
tracy chapman,fast car,584
louis armstrong,it's a wonderful world,584
The Dream Academy,life in a northern town,567
jeff buckley,lover you should’ve come over,535
Henry Mancini,moon river,508
Various Pro Artists,someone make a spotify playlist please,495
van morrison,into the mystic,489
Sinéad O'Connor,nothing compares 2 u,482
The Cure,pictures of you,459
radiohead,how to disappear completely,440
Various Pro Artists,lucky man,434
The Magnetic Fields,the book of love,429
hozier,like real people do,420
radiohead,fake plastic trees,416
Queensrÿche,silent lucidity,393
The Beatles,the long and winding road,388
Sigur Rós,svefn-g-englar,380
The Smiths,there is a light that never goes out,375
annie lennox,into the west,375
The Hollies,"he ain't heavy, he's my brother",374
"Crosby, Stills, Nash & Young",helplessly hoping,364
karen carpenter,they long to be) close to you,360
foo fighters,everlong (acoustic,360
don mclean,vincent,359
yiruma,river flows in you,342
The Killers,all these things that i've done,339
inxs,never tear us apart,335
The Moody Blues,nights in white satin,334
bon iver,holocene,332
grateful dead,ripple,327
The Smiths,"please, please, please let me get what i want",319
led zeppelin,the rain song,313
The Verve,bittersweet symphony,311
bread,if,308
Ludwig van Beethoven,ode to joy,303
The Beatles,golden slumbers,300
The Beatles,here comes the sun,298
Simon & Garfunkel,bridge over troubled water,296
fleetwood mac,everywhere,294
fleet foxes,helplessness blues,292
The Beatles,she's leaving home,278
yeah yeah yeahs,maps,277
john denver,sunshine on my god damn shoulders,265
fleetwood mac,songbird,258
fleet foxes,blue ridge mountains,258
eric clapton,tears in heaven,244
peter gabriel,the book of love,243
pearl jam,black,239
leon bridges,river,238
"harry waters jr., marvin berry, and the starlighters",earth angel (will you be mine,237
roberta flack,the first time ever i saw your face,237
death cab for cutie,what sarah said,237
ray lamontagne,jolene,228
stevie nicks and don henley,leather and lace,223
pink floyd,the great gig in the sky,221
The Goo Goo Dolls,iris,220
alphaville,forever young,220
Simon & Garfunkel,sounds of silence,219
radiohead,reckoner,215
fleetwood mac,silver springs,210
Israel Kamakawiwo'ole,somewhere over the rainbow,207
sting,fields of gold,207
patsy cline,crazy,203
imogen heap,hide and seek,199
tori amos,little earthquakes,199
vince gill,go rest high on that mountain,197
explosions in the sky,your hand in mine,196
Sinéad O'Connor,troy,194
Alison Krauss & Union Station,the lucky one,189
journey,faithfully,188
yazoo,only you,185
seal,kiss from a rose,184
chris stapleton,traveler,180
mazzy star,into dust,168
damien rice,the blowers daughter,167
The All-American Rejects,ventura highway,166
sophie b. hawkins,as i lay me down,159
Yusuf / Cat Stevens,morning has broken,157
louis armstrong,la vie en rose,155
johnny cash,hurt,152
Simon & Garfunkel,the 59th street bridge song,151
coldplay,the scientist,150
anne murray,you needed me,148
queen,somebody to love,147
Léo Delibes,the flower duet,147
gary jules,mad world,145
ewan mcgregor,mouilin rouge,145
heart,these dreams,144
radiohead,nude,141
Sigur Rós,saeglopur,134
Simon & Garfunkel,the only living boy in new york,133
k.d. lang,hallelujah,129
black pumas,colors,128
radiohead,let down,128
The Postal Service,such great heights,127
johann sebastian bach,"jesu, joy of man’s desiring",125
elton john,mona lisas and mad hatters,125
The Cure,plainsong,124
mac miller,2009,118
erik satie,gnossienne no. 1,115
,the songs my daughter would make up as a toddler,113
The Beatles,something,110
Giacomo Puccini,un bel di vedremo,106
erik satie,gnossienes,105
pink floyd,wish you were here,104
john prine and bonnie raitt,angel from montgomery,102
johann pachelbel,canon in d,100
joni mitchell,a case of you,100
enya,may it be,99
max richter,on the nature of daylight,98
coldplay,clocks,98
savage garden,"truly, madly, deeply",96
a perfect circle,the noose,96
sleeping at last,saturn,96
fleet foxes,mykonos,95
Sigur Rós,mentioned anywhere,95
enya,boadicea,94
lord huron,meet me in the woods,92
pearl jam,just breathe,89
glen hansard,leave,89
metallica,nothing else matters,89
The Swell Season,falling slowly,89
The Frames,fitzcarraldo,88
The Beatles,across the universe,88
The Frames,star star,88
The Frames,red chord,88
The Swell Season,the rain,88
The Frames,what happens when the heart just stops,88
billie eilish,ocean eyes,88
radiohead,pyramid song,87
selena,dreaming of you,87
"orville peck, paul cauthen",unchained melody,86
Sigur Rós,glosoli,84
john cale,hallelujah,83
The Flaming Lips,do you realize,82
gordon lightfoot,the wreck of the edmund fitzgerald,82
The Sundays,here's where the story ends,82
nicki minaj,i lied,80
peter gabriel,solsbury hill,80
The Cure,close to me,79
ewan mcgregor and nicole kidman,come what may,78
Simon & Garfunkel,the sound of silence,78
eric clapton,wonderful tonight,77
radiohead,exit music for a film,76
journey,open arms,75
enya,shepherd moons,74
enya,no holly for miss quinn,74
enya,lothlorien,74
beach house,ppp,72
my chemical romance,welcome to the black parade,72
john waite,missing you,72
radiohead,motion picture soundtrack,71
eva cassidy,fields of gold,71
The Foundations,"baby, now that i’ve found you",70
stevie ray vaughan,lenny,70
nine inch nails,a warm place,69
minnie riperton,loving you,69
prince,purple rain,68
elvis presley,unchained melody,67
Iron & Wine,the trapeze swinger,66
john denver,country roads,66
pink floyd,comfortably numb,65
mama cass elliot,dream a little dream of me,65
blind melon,no rain,64
The Mamas & The Papas,dream a little dream,64
jvke,golden hour,63
The Fray,how to save a life,62
peter gabriel,mercy street,62
carpenters,close to you,61
johann pachelbel,canon,61
The Smashing Pumpkins,landslide,61
snow patrol,chasing cars,60
this mortal coil,song to the siren,60
Loggins & Messina,danny's song,60
franz schubert,ave maria,59
big shaq,man’s not hot,59
lily allen,somewhere only we know,59
pink floyd,time,59
Simon & Garfunkel,bridge over troubled water,59
lord huron,strange trails,59
traditional,greensleeves,58
Sigur Rós,untitled #3 (samskeyti,58
nick drake,pink moon,58
jim croce,these dreams,57
jim croce,age,57
Ludwig van Beethoven,moonlight sonata,57
fleet foxes,montezuma,57
jim croce,"next time, this time",57
jim croce,dreamin' again,57
tool,sober,56
The Smiths,please please please let me get what i want,56
Frédéric Chopin,"nocturne no. 2 in e-flat major, op. 9 no. 2",56
sia,breathe me,56
pixies,where is my mind,55
joni mitchell,the circle game,55
hozier,shrike,55
pink floyd,us and them,55
fleet foxes,tiger mountain peasant song,55
louis armstrong and ella fitzgerald,summertime,54
judy collins,send in the clowns,53
u2,where the streets have no name,53
alanis morissette,uninvited,53
jimi hendrix,axis: bold as love,53
pink floyd,breathe,52
daft punk,touch,52
portishead,glory box,51
metallica,fade to black,51
The Killers,romeo and juliet,51
billy joel,and so it goes,51
Israel Kamakawiwo'ole,wonderful world/over the rainbow,51
Simon & Garfunkel,"wednesday morning, 3 a.m",51
pink floyd,on the turning away,50
bette midler,the rose,50
norah jones,heart of mine,50
aaron copland,fanfare for the common man,50
dire straits,brothers in arms,50
pink floyd,mother,50
olivia millerschin,carry me,50
art garfunkel,april come she will,49
christine mcvie,over my head,49
beach house,myth,49
foo fighters,everlong,48
The Sundays,wild horses,47
james taylor,you’ve got a friend,47
chuck berry,johnny b. goode,47
rufus wainwright,canon in d,47
311,amber,46
The Cure,a night like this,46
cocteau twins,evangeline,46
queen,love of my life,46
beach house,space song,46
The Beatles,julia,46
aerosmith,dream on,46
Yusuf / Cat Stevens,the wind,46
bee gees,inmortality,45
greg brown,spring wind,45
alison krauss,when you say nothing at all,45
Simon & Garfunkel,the boxer,45
tina turner,simply the best,45
izone,la vie en rose,45
uncle lucius,50 years,44
rammstein,radio,44
madeleine peyroux,la vie en rose,44
mark knopfler,romeo and juliet,44
alter bridge,blackbird,44
"Earth, Wind & Fire",september,44
"Crosby, Stills & Nash",helplessly hoping,44
vv,heartfull of ghosts,43
babyface,every time i close my eyes,43
etta james,i’d rather go blind,43
john denver,annie's song,43
flight facilities,claire de lune,42
disturbed,sound of silence,42
roberta flack,first time ever i saw your face,42
The Cinematic Orchestra,to build a home,42
hozier,cherry wine,42
u2,one tree hill,42
whitney houston,i will always love you,41
coldplay,fix you,41
lord huron,when the night is over,41
family of the year,hero,41
Les Misérables Cast,i dreamed a dream,40
The Cure,lovesong,40
death cab for cutie,transatlanticism,40
José González,teardrop,40
sarah mclachlan,angel,39
tori amos,a sorta fairytale,39
alicia keys,if i ain't got you,38
radiohead,decks dark,38
chvrches,the mother we share,38
sixpence none the richer,kiss me,38
mazzy star,look on down from the bridge,38
led zeppelin,rain song,38
The Goo Goo Dolls,name,38
nobuo uematsu,to zanarkand,37
straylight run,existentialism on prom night,37
joni mitchell,big yellow taxi,37
doors,riders on the storm,37
moby,porcelain,37
eagles,desperado,36
Simon & Garfunkel,for emily wherever i may find her,36
Ludovico Einaudi,experience,35
fleet foxes,meadowlarks,35
The Cranberries,ode to my family,35
cyndi lauper,true colors,35
tori amos,winter,35
Wolfgang Amadeus Mozart,confutatis,35
The Platters,only you,35
sonder,sonder,35
radiohead,paranoid android,34
kansas,dust in the wind,34
Ludwig van Beethoven,9th symphony,34
fleetwood mac,rhiannon,34
george michael,careless whisper,34
carpenters,we've only just begun,34
eva cassidy,songbird,33
enya,orinoco flow,33
alice in chains,don’t follow,33
disturbed,the sound of silence,33
Iron & Wine,such great heights,33
The Black Crowes,she talks to angels,32
fleet foxes,the shrine/an argument,32
erik satie,gymnopedies,32
a perfect circle,judith,32
van morrison,sweet thing,32
The All-American Rejects,the boxer,32
elvis presley,can’t help falling in love,32
Des'ree,kissing you,32
led zeppelin,ten years gone,32
samuel barber,agnus dei,32
led zeppelin,going to california,31
bon iver,skinny love,31
antonio vivaldi,four,31
pink floyd,fearless,31
hans zimmer,cornfield chase,31
bôa,duvet,31
rod stewart,maggie,31
joni jam,both sides now from joni jam at 2022 newport folk festival,31
elton john,goodbye yellow brick road,31
The All-American Rejects,tin man,31
extreme,more than words,31
aphex twin,rhubarb,30
The Paper Kites,bloom,30
jeff buckley,last goodbye,30
The 1975,my best old ex-friend ray,30
Björk,hyperballad,30
heart,dreamboat annie,30
billie eilish,when the party’s over,29
queen,the show must go on,29
allman brothers band,little martha,29
yiruma,river flows in  you,28
ralph vaughan williams,the lark ascending,28
elton john,tiny dancer,27
frank ocean,ivy,27
The Beach Boys,you still believe in me,27
radiohead,karma police,27
radiohead,exit music (for a film,27
imogen heap,goodnight and go,27
inxs,beautiful girl,26
Iron & Wine,"flightless bird, sixteen maybe less",26
bon iver,michicant,26
The Beach Boys,"caroline, no",26
The Goo Goo Dolls,acoustic #3,26
Sigur Rós,untitled #4 - njosnavelin,26
birdy,skinny love (cover,26
Sigur Rós,festival,26
dave matthews band,crash into me,26
The Smiths,asleep,26
lana del rey,young and beautiful,26
regina spektor,fidelity,26
taylor swift,ivy,26
nine inch nails,hurt,25
aphex twin,lichen,25
bill withers,just the two of us,25
The Rolling Stones,she’s a rainbow,25
The Beatles,long and winding road,25
lord huron,ghost on the shore,25
m83,outro,25
michael jackson,human nature,25
Alexander Stewart,year of the cat,25
Sigur Rós,sæglópur,25
led zeppelin,stairway to heaven,25
michael jackson,man in the mirror,25
taylor swift,my tears ricochet,24
ray lamontagne,shelter,24
fleetwood mac,dreams,24
radiohead,daydreaming,24
nat king cole,stardust,24
puscifer,bedlamite,24
Camille Saint-Saëns,the swan,24
The Beach Boys,pet sounds,24
evanescence,good enough,24
bob dylan,girl from the north country,24
grimes,symphonia ix,24
joe hisaishi,merry go round of life,24
jimi hendrix,castles made of sand,24
dan fogelberg,longer than,24
andrew lloyd webber,pie jesu,24
Simon & Garfunkel,cathy's song,24
taylor swift,labyrinth,24
jim croce,the hard way every time,24
brian eno,deep blue day,24
yazoo,don't go,24
Daryl Hall & John Oates,take on me,23
The Smashing Pumpkins,1979,23
daniel bedingfield,if you’re not the one,23
peter gabriel,book of love,23
Gustav Holst,jupiter,23
band of horses,the funeral,23
frank ocean,pink + white,23
incubus,aqueous transmission,23
bon iver,heavenly father,23
keane,somewhere only we know,23
patrick watson,je te laisserai des mots,23
sam hulick,homeworld,23
nat king cole,smile,23
linkin park,my december,23
flamingos,i only have eyes for you,23
linkin park,one more light,23
portishead,roads,23
andrea bocelli,time to say goodbye,23
erik satie,trois gymnopédies,23
alison krauss,baby mine,23
nasko,see you again,23
toto,africa,22
john lennon,imagine,22
eagles,seven bridges road,22
hans zimmer,one day,22
jim croce,photographs and memories,22
The Cure,show,22
Gary Clark Jr.,this land,22
led zeppelin,thank you,22
kate bush,this woman’s work,21
jon bellion,hand of god,21
Björk,unison,21
The Cardigans,lovefool,21
etta james,sunday kind of love,21
roy orbison,in dreams,21
phil,box of rain,21
joe cocker,you are so beautiful,21
gordon lightfoot,sundown,21
indigo girls,romeo and juliet,21
The Smashing Pumpkins,mellon collie and the infinite sadness,21
stevie ray vaughan,incandescent,21
frank mills,music box dancer,21
The Beach Boys,i know there's an answer,21
massive attack,unfinished sympathy,21
linda ronstadt,blue bayou,21
sufjan stevens,mystery of love,21
The Cure,from the edge of the deep green sea,21
Sigur Rós,flugufrelsarinn,21
massive attack,protection,20
ewan mcgregor,your song,20
judy garland,somewhere over the rainbow,20
Sigur Rós,ekki mukk,20
john butler trio,ocean,20
madonna,frozen,20
José González,heartbeats,20
alan walker,sing me to sleep,20
sleeping at last,the version they did with tim fain is even more beautiful,20
Simon & Garfunkel,kathy's song,20
Simon & Garfunkel,april come she will,20
sting,shape of my heart,20
Iron & Wine,upward over the mountain,20
jack black,fuck her gently,20
kozue takada,himitsu kichi,19
Sigur Rós,ageatus byrjun,19
aphex twin,avril 14th/qkthr,19
erik satie,gnossienne,19
chris isaak,wicked game,19
regina spektor,samson,19
The Cinematic Orchestra,arrival of the birds,19
Léo Delibes,flower duet,19
evanescence,my immortal,19
jerry garcia,reuben and cherise,19
eric johnson,cliffs of dover,19
Simon & Garfunkel,el condor pasa,19
carpenters,superstar,19
paul mccartney,here today,19
bibio,lover's carvings,19
john mayer,gravity,19
crowded house,don’t dream it’s over,19
Léo Delibes,lakme,19
Claude Debussy,arabesque no. 1,19
pink floyd,great gig in the sky,19
The Avett Brothers,no hard feelings,19
kanye west,24,19
death cab for cutie,soul meets body,19
ichiko aoba,pilgrimage,19
lord huron,love like ghosts,19
fka twigs,pendulum,19
jack black,peaches,19
fleet foxes,wading waist high in water/sunblind,19
radiohead,the tourist,19
Israel Kamakawiwo'ole,over the rainbow,19
beach house,10 mile stereo,19
deftones,beauty school,19
Iron & Wine,boy with a coin,18
ella fitzgerald and louis armstrong,summertime,18
taylor swift,epiphany,18
boston,feelin' satisfied,18
erykah badu,green eyes,18
green day,good riddance,18
Guns N' Roses,november rain,18
queen,who wants to live forever,18
brian eno,an ending (ascent,18
aphex twin,xtal,18
Israel Kamakawiwo'ole,somewhere over the rainbow,18
orbital,halcyon on and on,18
The King's Singers,you are the new day,18
john denver,thank god i'm a country boy,18
hozier,jackie and wilson,18
paul mccartney,i’ll follow the sun,18
joni mitchell,circle game,17
arctic monkeys,i don't think now is the best time,17
kanye west,runaway,17
red hot chili peppers,dosed,17
aphex twin,i z us,17
allison krauss and brad paisley,whiskey lullaby,17
hans zimmer,chevaliers de sangreal,17
boz scaggs,harbor lights,17
fleet foxes,blueridge mountains,17
Beyoncé,plastic off the sofa,17
The Velvet Underground,pale blue eyes,17
minnie riperton,les fleurs,17
Run The Jewels,angels standing by,17
Simon & Garfunkel,bridge over troubled waters,17
Iron & Wine,"naked as we came, this coming night",17
john legend,all of me,17
damien rice,the blower's daughter,17
box car racer,there is,17
Céline Dion,my heart will go on,17
The Beatles,i love her,17
kermit the frog,rainbow connection,17
bruce springsteen,racing in the streets,17
anderson .paak,heart don't stand a chance,17
bright eyes,first day of my life,17
christopher cross,sailing,17
Ludwig van Beethoven,fur elise,17
sade,by your side,17
radiohead,you're all i need,17
"Crosby, Stills, Nash & Young",our house,17
a perfect circle,the nurse who loved me,16
bright eyes,something vague,16
fleetwood mac,the chain,16
enya,book of days,16
nick drake,northern sky,16
procol harum,whiter shade of pale,16
Israel Kamakawiwo'ole,over the rainbow/what a wonderful world,16
eric whitacre,sleep,16
gregory alan isakov,the stable song,16
Sigur Rós,hoppípolla,16
paul mauriat,love is blue,16
Rufus Wainwright,hallelujah,16
bloc party,blue light,16
sarah vaughan,misty,16
The Left Banke,walk away renee,16
Simon & Garfunkel,the sound of silence,16
coldplay,viva la vida,16
Oasis Ministry,jesus built my hotrod,16
las,there she goes,16
radiohead,no surprises,16
bread,aubrey,16
bill evans,peace piece,16
indigo girls,closer to fine,16
taylor swift,delicate,16
The Beatles,abbey road,16
The Cure,disintegration,16
johnny mathis,chances are,16
lana del rey,west coast,16
Arvo Pärt,spiegel im spiegel,16
taylor swift,invisible string,16
prince,while my guitar gently weeps,16
fleetwood mac,sara,16
stevie wonder,isn't she lovely,16
Rainbow Kitten Surprise,catch the rainbow,16
R.E.M.,it's the end of the world as we know it (and i feel fine,15
Ludovico Einaudi,divenire,15
The Smiths,that joke isn’t funny anymore,15
tom waits,picture in a frame,15
fleet foxes,blue spotted tail,15
alison krauss,new favorite,15
donna lewis,i love you always forever,15
lord huron,long lost,15
celine dion and andrea bocelli,the prayer,15
liana flores,rises the moon,15
death cab for cutie,crooked teeth,15
carpenters,top of the world,15
Gustav Holst,"jupiter, the bringer of jollity",15
aurora,runaway,15
tori amos,pretty good year,15
The Beatles,all you need is love,15
yiruma,kiss the rain,15
bruce springsteen,atlantic city,15
Björk,yoga,15
yes,and you and i,15
Luciano Pavarotti,nessun dorma,15
radiohead,street spirit,15
frank zappa,watermelon in easter hay,15
The Beatles,dear prudence,15
sade,pearls,15
The Beatles,pet sounds,15
etta james,sunday kinda love,14
art garfunkel,bridge over troubled water,14
big star,thirteen,14
john denver,annies song,14
poets of the fall,cradled in love,14
RÜFÜS DU SOL,innerbloom,14
The 1975,somebody else,14
lady gaga,la vie en rose,14
buddy holly,dearest,14
Huey Lewis & The News,the power of love,14
ray lamontagne,til the sky turns black,14
Plain White T's,hey there delilah,14
howard hanson,symphony 2,14
darude,sandstorm,14
The Chordettes,they say it’s wonderful,14
fred astaire,cheek to cheek,14
Sammy Davis Jr.,till then,14
george harrison,something,14
mac miller,swimming,14
bon iver,creeks,14
johann sebastian bach,cello suite no. 1 in g major,14
Yusuf / Cat Stevens,father and son,14
george harrison,here comes the sun,14
aphex twin,fingerbib,14
bill withers,lovely day,14
portishead,the rip,14
indigo girls,galileo,14
meat loaf,for crying out loud,14
kishi bashi,i am the antichrist to you,13
grateful dead,standing on the moon,13
Herb Alpert & The Tijuana Brass,ladyfingers,13
phoebe bridgers,funeral,13
ray charles,georgia,13
fleetwood mac,never going back again,13
frank sinatra,fly me to the moon,13
bee gees,words,13
beabadoobee,glue song,13
abba,fernando,13
prince,nothing compares 2 u,13
fleetwood mac,albatross,13
bread,diary,13
rufus wainwright,hallelujah,13
grant macdonald,ram ranch,13
k.d. lang,constant craving,13
The Smiths,stop me if you think you've heard this one before,13
ben folds,the luckiest,13
john lennon,beautiful boy,13
john prine,nine pound hammer,13
joji,glimpse of us,13
owl city,fireflies,13
Ludovico Einaudi,primavera,13
queen,bohemian rhapsody,13
Iron & Wine,trapeze swinger,13
mazzy star,flowers in december,13
michael jackson,don't stop till you get enough,13
enya,wild child,12
death cab for cutie,brothers on a hotel bed,12
christopher tin,baba yetu,12
Franz Liszt,liebestraum,12
Tomaso Albinoni,adagio,12
coldplay,paradise,12
Frédéric Chopin,nocturne no. 2,12
Joaquín Rodrigo,concerto de aranjuez,12
jimmy eat world,may angels you in,12
The All-American Rejects,sister golden hair,12
cardi b ft. megan thee stallion,wap,12
Simon & Garfunkel,"parsley, sage, rosemary and thyme",12
john denver,this old guitar,12
hans zimmer,no time for caution,12
neil young,old man,12
procol harum,a whiter shade of pale,12
glen hansard,once,12
The Kinks,waterloo sunset,12
peter gabriel,blood of eden,12
tim minchin,cheesy love songs,12
pink floyd,high hopes,12
radiohead,true love waits,12
otis redding,try a little tenderness,12
spiritualized,ladies and gentlemen we are floating in space,12
mac miller,come back to earth,12
tori amos,putting the damage on,12
a perfect circle,orestes,12
a perfect circle,the outsider,12
The Beach Boys,in my room,12
bon iver,perth,12
hozier,work song,12
norah jones,come away with me,12
linda ronstadt,long long time,12
marty robbins,ribbon of darkness,12
The Cure,lullaby,12
The Temper Trap,sweet disposition,12
talking heads,this must be the place,12
howard shore,passing of the elves,12
taylor swift,cardigan,12
jeff buckley,grace,12
bon iver,8 (circle,11
pink floyd,echoes,11
sza,good days,11
Camille Saint-Saëns,the swan (le cygne,11
Pyotr Ilyich Tchaikovsky,pas de deux,11
gorillaz,on melancholy hill,11
grateful dead,mountains of the moon,11
don mclean,empty chairs,11
porcupine tree,lazarus,11
johann sebastian bach,air on the g string,11
jeff buckley,you and i,11
Ruth B.,dandelions,11
joanna newsom,only skin,11
steven universe,here comes a thought,11
jasmine thompson,you are my sunshine cover,11
Sigur Rós,ara batur,11
Frente Cumbiero,bizarre love triangle,11
frank zappa,joe's garage,11
The Beatles,sgt. pepper's lonely hearts club band,11
The Alan Parsons Project,old and wise,11
The Beatles,strawberry fields forever,11
porter robinson,sea of voices,11
The Cranberries,dreaming my dreams,11
bowser,peaches,11
yiruma,sunbeams... they scatter,11
Declan O'Rourke,galileo,11
when in rome,the promise,11
The Appleseed Cast,a dream for us,11
radiohead,glass eyes,11
The Outfield,your love,11
guitars and dragons,concerning hobbits,11
mark lowry,mary did you know,11
ben howard,only love,11
mad season,nutshell,11
minnie riperton,les fleur,11
king harvest,dancing in the moonlight,11
blue rodeo,try,11
joni mitchell,blue,11
Maurice Duruflé,ubi caritas,11
kacey musgraves,golden hour,11
elliott smith,between the bars,11
lana del rey,video games,11
brandi carlile,the story,11
deadmau5,strobe,11
jeff buckley,lilac wine,11
gorillaz,empire ants,11
Ludovico Einaudi,fly,10
joanna newsom,sawdust and diamonds,10
van morrison,moondance,10
aurora,exist for love,10
tori amos,josephine,10
ronald eldon sexsmith,gold in them hills,10
tom petty,wildflowers,10
The Beatles,while my guitar gently weeps,10
trey parker,jacking it in san diego,10
bee gees,how deep is your love,10
van morrison,slim slow slider,10
van morrison,tupelo honey,10
avril lavigne,when you’re gone,10
The Beatles,i will,10
jed kurzel,the animus,10
sufjan stevens,chicago,10
bon iver,"minnesota, wi",10
agnes obel,riverside,10
andy mckee,rylynn,10
agnes obel,familiar,10
frank ocean,rushes,10
cocteau twins,heaven or las vegas,10
taylor swift,willow,10
bonnie raitt,i can’t make you love me,10
bon iver,hey ma,10
silversun pickups,lazy eye,10
miranda lambert,if i was a cowboy,10
roberta flack,killing me softly,10
bon iver,33 god,10
bon iver,10 death breast,10
joni mitchell,amelia,10
eva cassidy,over the rainbow,10
Jimmy Carter and Dallas County Green,rain when i die,10
patsy cline,i fall to pieces,10
john prine,i remember everything,10
minnie riperton,lovin' you,10
morten lauridsen,o magnum mysterium,10
hans zimmer and benjamin wallfisch,wallace,10
chef (isaac hayes,chocolate salty balls,10
alice in chains,i stay away,10
jason isbell,if we were vampires,10
sufjan stevens,casimir pulaski day,10
orbital,halcyon and on and on,10
radiohead,all i need,10
garth brooks,the dance,10
john prine,come on home,10
Sigur Rós,staralfur,10
Sigur Rós,untitled #1,10
soundgarden,black hole sun,10
enigma,return to innocence,10
jed kurzel,dead civilization,10
talking heads,this must be the place (naive melody,10
yazoo,upstairs at eric's,10
in,spiegel im spiegel,10
peter gabriel,family snapshot,10
The Cure,letter to elise,10
thomas newman,night window,10
Jim Croce,rapid roy speedball tucker,10
Florence + The Machine,cosmic love,10
The Killers,"ruby, don't take your love to town",10
radiohead,sail to the moon,10
glenn miller,moonlight serenade,10
johnny cash,in my life,10
radiohead,present tense,10
Santo & Johnny,sleepwalk,10
abba,the winner takes it all,10
a perfect circle,3 libras,10
Björk,all is full of love,10
cyndi lauper,all thru the night,9
Sigur Rós,hoppipola,9
supertask,healing,9
u2,with or without you,9
van morrison,madame george,9
radiohead,exit music,9
The Alan Parsons Project,eye in the sky,9
lana del rey,salvatore,9
cannibal corpse,hammer smashed face,9
rem,everybody hurts,9
The Cranberries,zombie,9
kate bush,this woman's work,9
Iron & Wine,passing afternoon,9
harry styles,sign of the times,9
cannibal corpse,i cum blood,9
simply red,stars,9
david bowie,space oddity,9
The Shins,new slang,9
train,drops of jupiter,9
ole,white sandy beach,9
tom odell,another love,9
stevie ray vaughan,little wing,9
Yusuf / Cat Stevens,moon shadow,9
peter gabriel,don't give up,9
ray charles,georgia on my mind,9
phosphorescent,song for zula,9
joni mitchell,river,9
billy joel,piano man,9
m83,wait,9
death,voice of the soul,9
gang of youths,achilles come down,9
enya,afer ventus,9
death cab for cutie,transatlantacism,9
neil young,helpless,9
Iron & Wine,"flightless bird, american mouth",9
dave matthews band,41,9
louis armstrong,we have all the time in the world,9
coldplay,sky full of stars,9
etta james,i'd rather go blind,9
la la land,mia and sebastian’s theme,9
miracle musical,dream sweet in sea major,9
gordon lightfoot,a song for a winters night,9
grateful dead,brokedown palace,9
The Ronettes,be my baby,9
red hot chili peppers,wet sand,9
The Beatles,hey jude,9
dire straits,dire straits,9
neil young,unknown legend,9
animal collective,banshee beat,9
Pyotr Ilyich Tchaikovsky,waltz of the flowers,9
Pyotr Ilyich Tchaikovsky,"5th symphony, movement 2",9
bon iver,roslyn,9
tool,lateralus,9
jeff buckley,"lover, you should’ve come over",9
minnie riperton,lovin’ you,9
grateful dead,attics of my life,9
The Goo Goo Dolls,black balloon,9
radiohead,house of cards,9
The Left Banke,pretty ballerina,9
The Beatles,because,9
brand new,the boy who blocked his own shot,9
sarah,pie jesu,9
Simon & Garfunkel,a bridge over troubled water,9
sleeping at last,turning page,9
taylor swift,all too well,9
marvin gaye,can i get a witness,9
The Beatles,a day in the life,9
passenger,let her go,8
enya,storms in africa,8
adeem,white trash revelry,8
evanescence,even in death,8
slowdive,when the sun hits,8
abba,one of us,8
stevie ray vaughan,voodoo child (slight return,8
slipknot,snuff,8
david bowie,life on mars,8
Simon & Garfunkel,sound of silence,8
cody fry,i hear a symphony,8
The Beatles,live version,8
red hot chili peppers,porcelain,8
rem,night swimming,8
agnes obel,september song,8
john prine,in spite of ourselves,8
pearl jam,oceans,8
The Airborne Toxic Event,the book of love,8
mac miller,self care,8
john williams,across the stars,8
frank ocean,self control,8
The National,about today,8
Sigur Rós,the nothing song,8
ed sheeran,perfect,8
Ludovico Einaudi,i giorni,8
christina perri,a thousand years,8
yiruma,a river flows in you,8
chris stapleton,tennessee whiskey,8
The Alan Parsons Project,time,8
The Cure,breathe,8
eric whitacre,lux aurumque,8
frank ocean,white ferrari,8
steam powered giraffe,honeybee,8
damien rice,blower's daughter,8
mecano,hijo de la luna,8
jackie deshannon,what the world needs now is love,8
wax fang,majestic,8
The Temptations,just my imagination,8
big thief,mary,8
sam cooke,a change is gonna come,8
sam brown,stop,8
kermit the frog,the rainbow connection,8
tears for fears,everybody wants to rule the world,8
lily allen,smile,8
max richter,spring 1,8
nujabes,feather,8
taylor swift,the lakes,8
taylor swift,seven,8
pink floyd,stay,8
taylor swift,our song,8
Giacomo Puccini,"un bel di, vissi d’arte",8
andy williams,moon river,8
patsy cline,walking after midnight,8
jeff buckley,calling you,8
radiohead,faust arp,8
Antonín Dvořák,song to the moon,8
terrence jay,one blood,8
andrea bocelli,con te partiro,8
gerry rafferty,right down the line,8
dolly parton,love is like a butterfly,8
ella fitzgerald and louis armstrong,stars over alabama,8
tom petty and the heartbreakers,learning to fly,8
santana,samba pa ti,8
don mclean,castles in the air,8
radiohead,videotape,8
"Grover Washington, Jr.",just the two of us,8
archspire,reverie on the onyx,8
tim buckley,song to the siren,8
sara bareilles,gravity,8
"black country, new road",the place where he inserted the blade,8
The Verve,the drugs don't work,8
radiohead,tinker tailor soldier sailor,8
radiohead,there there,8
ghost,life eternal,8
aphex twin,alberto balsalm,8
kiiara,tennessee,8
nicholas britell,agape,8
The Beach Boys,our prayer,8
led zeppelin,tangerine,8
metallica,orion,8
metallica,to live is to die,8
flying lotus,getting there,8
john craigie,i am california,8
enya,flora's secret,8
john denver,aspenglow,8
mayer hawthorne,all better,8
morrissey,everyday is like sunday,8
pretty lights,yellow bird,8
Wolfgang Amadeus Mozart,mozart's lacrimosa,8
kanye west,ghost town,8
Ludwig van Beethoven,für elise,8
weyes blood,god turn me into a flower,8
ennio morricone,un amico,8
cat power,sea of love,8
common souls def,arizona,7
cardi b,wap,7
gang of youths,fantastic cover,7
radical face,welcome home,7
ryuichi sakamoto,merry christmas mr lawrence,7
The Killers,shadowplay,7
frank ocean,godspeed,7
nico,these days,7
jim croce,one less pair of footsteps on your floor,7
coldplay,yellow,7
queen,good old fashioned lover boy,7
The Irrepressibles,in this shirt,7
cher,believe,7
The Stranglers,golden brown,7
billy boyd,the last goodbye,7
"Crosby, Stills, Nash & Young",helplessly hoping,7
dolly parton,jolene,7
bee gees,too much heaven,7
nightwish,turn loose the mermaids,7
stevie wonder,as,7
Giacomo Puccini,madame butterfly,7
stevie ray vaughan,riviera paradise,7
foo fighters,taylor hawkins tribute concert,7
skeeter davis,the end of the world,7
The Cure,untitled,7
mum,green grass of tunnel,7
lana del rey,bel air,7
Simon & Garfunkel,homeward bound,7
bob dylan,shelter from the storm,7
judee sill,the kiss,7
Ludwig van Beethoven,symphony,7
gordon lightfoot,beautiful,7
The Decemberists,june hymn,7
bread,everything i own,7
george gershwin,rhapsody in blue,7
christine mcvie,songbird,7
pink floyd,shine on you crazy diamond,7
tash sultana,jungle,7
Nick Cave & The Bad Seeds,into my arms,7
john denver,leaving on a jet plane,7
gordon lightfoot,circle of steel,7
indigo girls,ghost,7
john prine,christmas in prison,7
Nick Cave & The Bad Seeds,into my arms,7
daniela andrade,la vie en rose,7
hudson mohawke,cbat,7
tori amos,landslide,7
neverending white lights,the grace,7
The Smiths,"please, please, please, let me get what i want",7
berlin,take my breath away,7
The Smiths,i know it's over,7
cocteau twins,cherry coloured funk,7
The Smiths,heaven knows i'm miserable now,7
The Beatles,"here, there, and everywhere",7
The Beatles,"here, there and everywhere",7
The Beatles,here there and everywhere,7
misheard lyrics,hold me closer tony danza,7
bon iver,re: stacks,7
The Beatles,golden slumbers/carry that weight,7
sade,no ordinary love,7
traditional,amazing grace,7
bts,butterfly,7
sade,like a tattoo,7
funkadelic,maggot brain,7
Simon & Garfunkel,scarborough fair,7
oasis,champagne supernova,7
animals as leaders,the brain dance,7
ray peterson,tell laura i love her,7
enya,amarantine,7
The Lumineers,stubborn love,7
grimes,genesis,7
mac miller,congratulations,7
ren,can't help falling in love,7
phoebe bridgers,moon song,7
roberta flack,killing me softly with his song,7
a perfect circle,the package,7
laufey,let you break my heart again,7
pink,glitter in the air,7
lisa gerrard,sanvean,7
hans zimmer,injection,7
james taylor,fire and rain,7
lou reed,perfect day,7
hans zimmer,now we are free,7
Various Pro Artists,the disappearance of haruhi suzumiya,7
elliott smith,angeles,7
massive attack,paradise circus,7
Emilíana Torrini,sunny road,7
penguin cafe orchestra,perpetuum mobile,7
patsy cline,she's got you,7
himesh patel,yesterday,7
fiona apple,i know,7
jeff buckley,corpus christi carol,7
ween,the argus,7
matisyahu,one day,7
gregorio allegri,"miserere mei, deus",7
pentatonix,hallelujah,7
ultravox,vienna,7
man man,feathers,7
patty griffin,heavenly day,7
harry chapin,cats in the cradle,7
The Beach Boys,let's go away for a while,7
grateful dead,stella blue,7
alice in chains,down in a hole,7
van morrison,these are the days,7
kai,vanilla,6
sting,fragile,6
regina spektor,the call,6
dan harmon,timing is the most important part of comedy. touché,6
ennio morricone,gabriel's oboe,6
ennio morricone,gabriel’s oboe,6
lord huron,ends of the earth,6
The Goo Goo Dolls,slide,6
Various Pro Artists,the good friday agreement,6
lana del rey,cinnamon girl,6
c418,sweden,6
karen carpenter,we've only just begun,6
Claude Debussy,arabesque no.1,6
reinbert de leeuw,reinbert de leeuw's renditions,6
fleetwood mac,gypsy,6
billie joel,she's got a way,6
clams casino,i’m god,6
queen,you take my breath away,6
van morrison,astral weeks,6
stevie wonder,all in love is fair,6
jaco pastorius,portrait of tracy,6
ryuichi sakamoto,merry christmas mr. lawrence,6
kate bush,wuthering heights,6
joe hisaishi,one summer's day,6
fleetwood mac,you make loving fun,6
tori amos,china,6
deftones,cherry waves,6
jimi hendrix,all along the watchtower,6
Iron & Wine,flamenco dancers in the boy with a coin video,6
joni mitchell,roses blue,6
vashti bunyan,train song,6
michael giacchino,married life,6
led zeppelin,bron-yr-aur,6
david bowie,lazarus,6
louis armstrong,wonderful world,6
david bowie,wild is the wind,6
dan fogelberg,leader of the band,6
dan fogelberg,longer,6
don mclean,american pie,6
Sigur Rós,varúõ,6
billie holiday,i'll be seeing you,6
alt-j,dissolve me,6
loreena mckennitt,the highwayman,6
inxs,not enough time,6
gregory alan isakov,stable song,6
mutual benefit,advanced falconry,6
elbow,one day like this,6
death cab for cutie,grapevine fires,6
avenged sevenfold,so far away,6
yann tiersen,comptine d'un autre été,6
my chemical romance,the light behind your eyes,6
The Alan Parsons Project,silence and i,6
noel paul stookey,the wedding song,6
paul mccartney,junk,6
sufjan stevens,death with dignity,6
lenny kravitz,lenny,6
chris cornell,sunshower,6
donny hathaway,a song for you,6
Iron & Wine,naked as we came,6
my brightest diamond,i have never loved someone,6
Henry Mancini,lujon,6
paul mccartney,calico skies,6
queen,las palabras de amor,6
alison krauss,down to the river to pray,6
enya,smaointe,6
howie day,collide,6
paul mccartney,vanilla sky,6
final fantasy x,to zanarkand,6
south park,japanese toilet episode song,6
rick astley,never gonna give you up,6
It's A Beautiful Day,white bird,6
sade,kiss of life,6
art garfunkel,i only have eyes for you,6
sun kil moon,alesund,6
ben howard,promise,6
john denver,perhaps love,6
hans zimmer,interstellar,6
peter gabriel,wallflower,6
Giacomo Puccini,o mio babbino caro,6
tracy chapman,the promise,6
death cab for cutie,i will possess your heart,6
peter gabriel,red rain,6
foudeqush,con la brisa,6
alicia keys,troubles,6
The Smashing Pumpkins,mayonnaise,6
The Beatles,norwegian wood,6
pearl jam,sirens,6
Pyotr Ilyich Tchaikovsky,pas de deux from the nutcracker,6
hack//sign,key of the twilight,6
Les Misérables Cast,bring him home,6
Pyotr Ilyich Tchaikovsky,hymn of the cherubim,6
jon gomm,passionflower,6
Des'ree,i’m kissing you,6
nick drake,from the morning,6
george harrison,my sweet lord,6
Johannes Brahms,lullaby,6
The Beatles,michelle,6
mary chapin carpenter,"10,000 miles",6
colin hay,beautiful world,6
The National,light years,6
novo amor,carry you,6
miriam stockley,perfect day,6
elton john,the one,6
jeff buckley,mojo pin,6
eagles,new kid in town,6
The Be Good Tanyas,the littlest birds,6
nick drake,river man,6
Maurice Ravel,pavane for a dead princess,6
radiohead,street spirit (fade out,6
tyler childers,feathered indians,6
grateful dead,they love each other,6
sarah brightman,time to say goodbye,6
sleep token,aqua regia,6
The Cure,the lovecats,6
scorpions,still loving you,6
R.E.M.,nightswimming,6
ray lamontagne,such a simple thing,6
black sabbath,planet caravan,6
The Antlers,kettering,6
taylor swift,august,6
tears for fears,woman in chains,6
james blunt,monsters,6
eminem,kim,6
Florence + The Machine,stand by me,6
blur,tender,6
lifehouse,hanging by a moment,6
coldplay,speed of sound,6
Ruth B.,lost boy,6
aphex twin,avril 14,6
birdy,wings,6
aphex twin,come to daddy,6
jeff buckley,everybody here wants you,6
Sébastien Tellier,la ritournelle,6
Ms. Lauryn Hill,ex factor,6
colbie caillat,bubbly,6
yoko shimomura,dearly beloved,6
johann sebastian bach,"jesu, joy of man's desiring",6
The Beatles,norwegian wood (this bird has flown,6
The Band CAMINO,atlantic city,6
lil yachty,drive me crazy,5
sting,it's probably me,5
Télépopmusik,breathe,5
sufjan stevens,fourth of july,5
elton john,amoreena,5
alt-j,warm foothills,5
bobby caldwell,what you won’t do for love,5
radiohead,nice dream,5
palace,give me the rain,5
mulatu astatke,tezeta,5
elton john,mona lisa's and mad hatters,5
Florence + The Machine,breath of life,5
stevie wonder,overjoyed,5
game of thrones soundtrack,in the light of the seven,5
dire straits,tunnel of love,5
justin hayward,forever autumn,5
boards of canada,olson,5
alt-j,bloodflood part ii,5
beyonce feat. blue ivy,blue,5
neko case,i wish i was the moon,5
*NSYNC,bye bye bye,5
enya,na laetha geal m'óige,5
sufjan stevens,the predatory wasp of the palisades is out to get us,5
allman brothers band,melissa,5
dead or alive,you spin me round (like a record,5
hans zimmer,oogway ascends,5
bob dylan,mississippi,5
big head todd and the monsters,bittersweet,5
The Shins,simple song,5
randy newman,sail away,5
elliott smith,waltz #1,5
audioslave,like a stone,5
miles davis,it never entered my mind,5
fun.,the gambler,5
mr.kitty,after dark,5
imogen heap,hide n seek,5
jack johnson,upside down,5
bob dylan,all along the watchtower,5
miles davis,blue in green,5
palace,heaven up there,5
Céline Dion,so cold in ireland,5
bob dylan,in the wind,5
black sabbath,orchid,5
bladee,white meadow,5
priscilla ahn,dream,5
"peter, paul and mary",puff the magic dragon,5
ralph vaughan williams,fantasia on a theme by thomas tallis,5
radiohead,weird fishes/ arpeggi,5
john coltrane,naima,5
buddy holly,everyday,5
rogue wave,eyes,5
The Honeydrippers,sea of love,5
weyes blood,andromeda,5
billy joel,she's always a woman,5
samuel barber,violin concerto,5
tash sultana,coma,5
katamari damacy original soundtrack,cherry blossom color season,5
dolly parton,i will always love you,5
bts,the truth untold,5
keane,russian farmers song,5
tamino,habibi,5
petit biscuit,sunset lover,5
leonard cohen,famous blue raincoat,5
The Rolling Stones,she's like a rainbow,5
radiohead,weird fishes,5
denez prigent,gortoz a ran,5
jean sibelius,violin concerto 1st movement,5
to the moon,for river,5
bruce springsteen,thunder road,5
glen campbell,wichita lineman,5
joe hisaishi,merry-go-round of life,5
bright eyes,no lies just love,5
whiskey myers,broken window serenade,5
moon mullican,moon river rock,5
The Weeknd,the knowing,5
final fantasy x,road to zanarkand,5
annie lennox,why,5
elvis presley,can't help falling in love,5
bon iver,blood bank,5
anne murray,danny's song,5
kingdom hearts,dearly beloved,5
kali uchis,melting,5
death cab for cutie,tiny vessels,5
The Velvet Underground,sunday morning,5
elizabeth fraser,eperdu,5
michael nyman,the heart asks pleasure first,5
billie eilish,i love you,5
hans zimmer,day one,5
Pyotr Ilyich Tchaikovsky,romeo and juliet fantasy overture,5
taylor swift,enchanted,5
don mclean,starry starry night,5
bon iver and taylor swift,exile,5
massive attack,dissolved girl,5
kanye west,ultralight beam,5
Metalocalypse: Dethklok,detharmonic,5
billie holiday,solitude,5
Claude Debussy,arabesque,5
tom petty,american girl,5
jeff buckley,just like a woman (live at sin è,5
"black country, new road",haldern,5
nightwish,ghost love score,5
The Righteous Brothers,soul and inspiration,5
The Beach Boys,surf's up,5
electric light orchestra,telephone line,5
enya,watermark,5
The Smashing Pumpkins,"tonight, tonight",5
clean bandit,symphony,5
dan avidan,africa (toto cover,5
led zeppelin,all my love,5
cocteau twins,cherry-coloured funk,5
cocteau twins,heaven or alas vegas,5
yiruma,may be,5
cocteau twins,pandora (for cindy,5
yo la tengo,my little corner of the world,5
eva cassidy,somewhere over the rainbow,5
mazzy star,halah,5
lp,lost on you,5
red hot chili peppers,under the bridge,5
The Smashing Pumpkins,mayonaise,5
fleet foxes,bedouin dress,5
gregorio allegri,miserere mei,5
The Smashing Pumpkins,cupid de locke,5
Simon & Garfunkel,59th street bridge song,5
Ludwig van Beethoven,7th symphony 2nd movement,5
soccer mommy (sophie allison,circle the drain,5
Sergei Rachmaninoff,piano concerto no. 2,5
yann tiersen,summer 78,5
metallica,one,5
hayde bluegrass orchestra,all my tears,5
rem,nightswimming,5
josh ritter,the curse,5
rem,find the river,5
christopher tin,waloyo yamoni,5
radwimps,suzume,5
periphery,lune,5
yeah yeah yeahs,soft shock,5
cigarettes after sex,apocalypse,5
Ludwig van Beethoven,piano concerto no. 5 in e-flat major,5
john prine,angel from montgomery,5
Ludovico Einaudi,una mattina,5
air,all i need,5
Ludovico Einaudi,due tramonti,5
eva cassidy,time after time,5
The Mamas & The Papas,california dreamin,5
jim croce,i have a name,5
tyler childers,lady may,5
Simon & Garfunkel,flowers never bend with the rainfall,5
grateful dead,black muddy river,5
grateful dead,box of rain,5
Simon & Garfunkel,"for emily, wherever i may find her",5
tycho,a walk,5
pink floyd,coming back to life,5
luther vandross,dance with my father,5
The Beatles,she’s leaving home,5
Sinéad O'Connor,nothing compares to you,5
crowded house,don't dream it's over,5
james blake,into the red,5
The Beach Boys,wouldn’t it be nice,5
m83,midnight city,5
"10,000 maniacs",verdi cries,5
jim croce,lovers cross,5
The Beatles,black bird,5
The Beatles,eleanor rigby,5
The Cure,the same deep water as you,5
luke combs,you needed me,5
heilung,anoana,5
The Beatles,sgt. peppers,5
coldplay,strawberry swing,5
jim croce,walkin' back to georgia,5
helen jane long,the aviators,5
evanescence,lacrymosa,5
red hot chili peppers,scar tissue,5
fleet foxes,english house,5
red hot chili peppers,pretty little ditty,5
aaron copland,appalachian spring,5
Édith Piaf,"non, je ne regrette rien",5
evanescence,synthesis,5
fleet foxes,icicle tusk,5
lana del rey,venice bitch,5
Israel Kamakawiwo'ole,over the rainbow / what a wonderful world,5
Sigur Rós,starálfur,5
thievery corporation,la femme parallel,5
Mumford & Sons,babel album,5
la oreja de van gogh,rosas,5
metric,now or never now,5
nina simone,wild is the wind,5
max steiner,a summer place theme,5
muse,unintended,5
maxwell,pretty wings,5
david bowie,as the world falls down,5
stephen sanchez,until i found you,5
harry nilsson,without you,5
Camille Saint-Saëns,danse macabre,5
The Fratellis,an aristocrat,5
avenged sevenfold,fiction,5
vance joy,riptide,5
joy division,love will tear us apart,5
aurora,it happened quiet,5
Sigur Rós,njosnavelin,5
neil young,heart of gold,5
